<?xml version="1.0" encoding="utf-8"?>
<productAdditionalComps>
   <dependsOn>
      <component>
         <name>PreProcPkg_v01</name>
         <locale/>
         <platformList>
            <platform>maci64</platform>
         </platformList>
         <version>0.1</version>
      </component>
   </dependsOn>
   <isControllingProduct>true</isControllingProduct>
   <platform>maci64</platform>
   <productName>PreProcPkg_v01</productName>
   <productNumber>5000</productNumber>
   <productBaseCode>PreProcPkg_v01</productBaseCode>
   <productVersion>0.1</productVersion>
   <releaseFamily>R2017b</releaseFamily>
   <releaseDescription>R2017b</releaseDescription>
</productAdditionalComps>