<?xml version="1.0" encoding="utf-8"?>
<componentData>
   <component>
      <componentBaseName>PreProcPkg_v4_5</componentBaseName>
      <componentFileName>test.enc</componentFileName>
      <componentName>PreProcPkg_v4_5</componentName>
      <componentVersion>1.0</componentVersion>
      <locale/>
      <numFiles>0</numFiles>
      <locationId>0</locationId>
      <platformList>
         <platform>maci64</platform>
      </platformList>
      <releaseFamily>R2017b</releaseFamily>
      <size>0</size>
      <type/>
      <uncompressedBytes>0</uncompressedBytes>
   </component>
</componentData>