<?xml version="1.0" encoding="utf-8"?>
<productAdditionalComps>
   <dependsOn>
      <component>
         <name>PreProcPkg_v1_5</name>
         <locale/>
         <platformList>
            <platform>maci64</platform>
         </platformList>
         <version>1.5</version>
      </component>
   </dependsOn>
   <isControllingProduct>true</isControllingProduct>
   <platform>maci64</platform>
   <productName>PreProcPkg_v1_5</productName>
   <productNumber>5000</productNumber>
   <productBaseCode>PreProcPkg_v1_5</productBaseCode>
   <productVersion>1.5</productVersion>
   <releaseFamily>R2017b</releaseFamily>
   <releaseDescription>R2017b</releaseDescription>
</productAdditionalComps>