<?xml version="1.0" encoding="utf-8"?>
<ApplicationInstallerManifest>
   <DefaultInstallationDirectory>/Applications/NKI/PreProcPkg_v4_2/</DefaultInstallationDirectory>
   <ApplicationName>PreProcPkg_v4_2</ApplicationName>
   <ExecutableName>application/ </ExecutableName>
   <GUID>041f0dfc-9251-4748-82b1-044d1e1276c3</GUID>
   <ApplicationIcon>default_icon_48.png</ApplicationIcon>
   <Logo>default_logo.png</Logo>
   <Version>1.0</Version>
   <InstallationNotes>You must have Python 2.7, 3.4, 3.5, and/or 3.6 on your machine to install this package. Go to the directory to which setup.py and your package have been written. Then execute:

        python setup.py install [options]

For details, see the readme.txt distributed with this package.
In the following directions, replace MR by the directory where MATLAB or the MATLAB Runtime is installed on the target machine.

If the environment variable DYLD_LIBRARY_PATH is undefined, set it to the following string:

MR/v93/runtime/maci64:MR/v93/sys/os/maci64:MR/v93/bin/maci64

If it is defined, set it to the following:

${DYLD_LIBRARY_PATH}:MR/v93/runtime/maci64:MR/v93/sys/os/maci64:MR/v93/bin/maci64</InstallationNotes>
   <AuthorOrganization>NKI</AuthorOrganization>
   <WelcomePanelText>PreProcPkg_v4_2 1.0
Mark Higger
markbhigger@gmail.com</WelcomePanelText>
   <MCRProducts>
      <MCRProduct>
         <ExternalProductIdentifier>35000</ExternalProductIdentifier>
      </MCRProduct>
      <MCRProduct>
         <ExternalProductIdentifier>35010</ExternalProductIdentifier>
      </MCRProduct>
   </MCRProducts>
</ApplicationInstallerManifest>